,AUSTRALIA,FRANCE,GERMANY,JAPAN,SWITZERLAND,UNITED KINGDOM
AUSTRALIA,1.0,0.746692365593855,0.713374927929423,0.5693325281855811,0.7092689185155262,0.7438975664755798
FRANCE,0.746692365593855,1.0,0.9164512305458355,0.6030534202160918,0.8486807237302381,0.8676045735931602
GERMANY,0.713374927929423,0.9164512305458355,1.0,0.6198258367926701,0.8314390116215066,0.8330343593978056
JAPAN,0.5693325281855811,0.6030534202160918,0.6198258367926701,1.0,0.6222273607730056,0.5578424201974561
SWITZERLAND,0.7092689185155262,0.8486807237302381,0.8314390116215066,0.6222273607730056,1.0,0.8031936002316088
UNITED KINGDOM,0.7438975664755798,0.8676045735931602,0.8330343593978056,0.5578424201974561,0.8031936002316088,1.0
