,AUSTRALIA,FRANCE,GERMANY,JAPAN,SWITZERLAND,UNITED KINGDOM
AUSTRALIA,1.0,0.7325520127385418,0.7056560584062352,0.3986383510209948,0.3419637339995796,0.7266818939387648
FRANCE,0.7325520127385418,1.0,0.9325259550385682,0.45350731847478526,0.4818088982575018,0.863612669663028
GERMANY,0.7056560584062352,0.9325259550385682,1.0,0.4599549277677486,0.40550553956953056,0.8301073237345722
JAPAN,0.3986383510209948,0.45350731847478526,0.4599549277677486,1.0,0.5443255765945083,0.4293018527060463
SWITZERLAND,0.3419637339995796,0.4818088982575018,0.40550553956953056,0.5443255765945083,1.0,0.4393863675377682
UNITED KINGDOM,0.7266818939387648,0.863612669663028,0.8301073237345722,0.4293018527060463,0.4393863675377682,1.0
